Author,Year,Paper,Plots,Description,Link,Diagnostic,Facets,Facet_x,Facet_y,plot_type,x_axis,y_axis,color,shape,other_note,performance_criteria_bias,perfomance_criteria_MAE,performance_criteria_MSE/RMSE,performance_criteria_SE,performance_criteria_correlation,comparison_raw,comparison_truth,comparison_weight,comparison_MRP,comparison_other_study,comparison_other_method
Warshaw; Rodden,2012,How Should We Measure District-Level Public Opinion on Individual Issues?,Figure 1,Dot plot of performance of MRP vs Direct Estimates,,1,6,small area,performance criteria,dot plot,performance criteria,sample size,estimation methods,NA,NA,0,1,0,0,1,1,0,0,0,0,0
Warshaw; Rodden,2012,How Should We Measure District-Level Public Opinion on Individual Issues?,Figure 2,Cross Validation of MRP,,1,4,estimation methods,small area,scatter plot,estimates,truth,NA,NA,NA,0,0,0,0,0,1,1,0,0,0,0
Warshaw; Rodden,2012,How Should We Measure District-Level Public Opinion on Individual Issues?,Figure 3,Summary performance of MRP vs DE,,1,12,small area,case,dot plot,performance criteria,sample size,estimation methods,NA,NA,0,1,0,0,0,1,0,0,0,0,0
Warshaw; Rodden,2012,How Should We Measure District-Level Public Opinion on Individual Issues?,Figure 4,Cross validation of MRP,,1,8,estimation methods,small area,scatter plot,estimates,truth,NA,NA,NA,0,0,0,0,0,1,1,0,0,0,0
Warshaw; Rodden,2012,How Should We Measure District-Level Public Opinion on Individual Issues?,Figure 5,Summary performance of MRP vs DE,,1,6,case,case,dot plot,performance criteria,sample size,estimation methods,NA,NA,0,0,0,0,1,1,0,0,0,0,0
Warshaw; Rodden,2012,How Should We Measure District-Level Public Opinion on Individual Issues?,Figure 6,Correlation between estimates ,,1,6,case,case,dot plot,performance criteria,estimation methods,NA,NA,NA,0,0,0,0,1,1,1,0,1,0,0
Toshkov,2015,Exploring the Performance of Multilevel Modeling and Poststratification with Eurobarometer Data,Figure 1,Summary performance of MRP vs True,,1,1,NA,NA,dot plot with error bar,estimates,small area,estimation methods,NA,NA,0,0,0,0,0,1,0,0,0,0,0
Downes; Karlin,2020,Multilevel regression and poststratification for estimating population quantities from large health studies: a simulation study based on US population structure,Figure 1,Comparison between MRP and other estimates,,1,6,sample size,performance criteria,dot plot,performance criteria,small area,NA,estimation methods,with shape,1,0,1,1,0,1,0,1,0,0,0
Downes; Karlin,2020,Multilevel regression and poststratification for estimating population quantities from large health studies: a simulation study based on US population structure,Figure 2,Comparsion between two MRP model,,1,3,NA,performance criteria,dot plot,performance criteria,small area,estimation methods,NA,with shape,1,0,1,1,0,0,0,0,1,0,0
Downes; Karlin,2020,Multilevel regression and poststratification for estimating population quantities from large health studies: a simulation study based on US population structure,Figure 3,Comparison between two MRP model,,1,6,sample size,performance criteria,dot plot,performance criteria,small area,estimation methods,NA,with shape,1,0,1,1,0,0,0,0,1,0,0
"Allan, et al",2020,Geographic Distributions of Extreme Weather Risk Perceptions in the United States,Figure 1,Comparison between MRP and direct estimate,,1,16,estimation methods,case,choropleth map,NA,NA,estimates,NA,* could be useful to demonstrate the interpretation can change!,0,0,0,0,0,0,1,0,0,0,0
"Allan, et al",2020,Geographic Distributions of Extreme Weather Risk Perceptions in the United States,Figure 2,Comparison between MRP and other estimates,,1,9,estimation methods,case,scatter plot,truth,estimates,NA,NA,with geom_smooth,0,0,0,0,0,0,0,0,0,1,0
"Allan, et al",2020,Geographic Distributions of Extreme Weather Risk Perceptions in the United States,Figure 3a,Comparison between MRP and direct estimate,,1,8,case,case,scatter plot,estimates,estimates,NA,NA,with geom_smooth,0,1,0,0,1,1,0,0,0,0,0
"Allan, et al",2020,Geographic Distributions of Extreme Weather Risk Perceptions in the United States,Figure 3b,Largest residual of the MRP model,,1,1,NA,NA,bar plot,performance criteria,small area,performance criteria,NA,NA,1,0,0,0,0,0,0,0,0,0,0
Barrington-Leigh; Millard-Ball,2017,The world's user-generated road map is more than 80% complete,Figure 2,Comparison of density spectrum from various MRP predictors,,1,2,estimation methods,NA,density plot,estimates,small area,estimation methods,NA,NA,0,0,0,0,0,0,0,0,1,0,0
Barrington-Leigh; Millard-Ball,2017,The world's user-generated road map is more than 80% complete,Figure 3,Scatter plot of direct estimate vs MRP,,1,1,NA,NA,scatter plot,estimates,estimates,NA,NA,NA,0,0,0,0,0,1,0,0,0,0,0
Barrington-Leigh; Millard-Ball,2017,The world's user-generated road map is more than 80% complete,Figure 4,Comparison of estimates by countries,,1,11,small area,small area,line plot,time,estimates,estimation methods,NA,NA,0,0,0,0,0,1,1,0,1,0,0
Barrington-Leigh; Millard-Ball,2017,The world's user-generated road map is more than 80% complete,Figure 5,Display of the MRP the result,,0,1,NA,NA,choropleth map,NA,NA,estimates,NA,NA,0,0,0,0,0,0,0,0,0,0,0
Barrington-Leigh; Millard-Ball,2017,The world's user-generated road map is more than 80% complete,Figure 6,Display of the MRP result,,0,1,NA,NA,choropleth map,NA,NA,estimates,NA,NA,0,0,0,0,0,0,0,0,0,0,0
Barrington-Leigh; Millard-Ball,2017,The world's user-generated road map is more than 80% complete,Figure 7,Comparison of MRP with other methods,,1,1,NA,NA,boxplot,estimates,NA,estimation methods,small area,NA,0,0,0,0,0,0,0,0,0,0,1
Barrington-Leigh; Millard-Ball,2017,The world's user-generated road map is more than 80% complete,Figure 8,Display of the MRP result,,0,1,NA,NA,choropleth map,NA,NA,estimates,NA,NA,0,0,0,0,0,0,0,0,0,0,0
Barrington-Leigh; Millard-Ball,2017,The world's user-generated road map is more than 80% complete,Figure 9,Comparisom of the MRP vs Truth,,1,1,NA,NA,scatter plot,truth,estimates,NA,NA,NA,0,0,0,0,0,0,1,0,0,0,0
"Berry, et al",2015,Assessing the Validity of Enns and Koch's Measure of State Policy Mood,Figure in notes #12,Comparison of MRP and other estimate,,1,1,NA,NA,line plot,time,performance criteria,NA,NA,performance criteria is correlation,0,0,0,0,1,0,0,0,0,1,0
Bisbee,2019,BARP: Improving Mister P Using Bayesian Additive Regression Trees,Figure 1,Comparison between MRP and BARP,,1,2,performance criteria,NA,scatter plot,estimates,estimates,NA,NA,NA,0,1,0,0,1,1,1,1,1,0,1
Bisbee,2019,BARP: Improving Mister P Using Bayesian Additive Regression Trees,Figure 2,Comparison between MRP and BARP,,1,2,performance criteria,NA,scatter plot,estimates,estimates,NA,NA,NA,1,1,0,0,1,0,0,0,0,0,1
Bisbee,2019,BARP: Improving Mister P Using Bayesian Additive Regression Trees,Figure 3,Comparison between MRP and BARP,,1,1,NA,NA,scatter plot,estimates,estimates,NA,NA,NA,0,1,0,0,0,0,0,0,0,0,1
Bishin; Smith,2013,When Do Legislators Defy Popular Sovereignty? Testing Theories of Minority Representation Using DOMA,Figure 1,Display of MRP result,,0,4,small area,small area,line and dot plot,small area,estimates,NA,NA,NA,0,0,0,0,0,0,0,0,0,0,0
Buttice; Highton,2013,How Does Multilevel Regression and Poststratification Perform with Conventional National Surveys?,Figure 1,Correlation between MRP and true value,,1,1,NA,NA,dot plot ,performance criteria,case,NA,NA,NA,0,0,0,0,1,0,0,0,0,0,0
Buttice; Highton,2013,How Does Multilevel Regression and Poststratification Perform with Conventional National Surveys?,Figure 2,Standardized bias of MRP,,1,1,NA,NA,dot plot ,performance criteria,case,NA,NA,NA,1,0,0,0,0,0,0,0,0,0,0
Buttice; Highton,2013,How Does Multilevel Regression and Poststratification Perform with Conventional National Surveys?,Figure 3,Absolute standardized bias of MRP,,1,1,NA,NA,dot plot ,performance criteria,case,NA,NA,NA,1,0,0,0,0,0,0,0,0,0,0
Buttice; Highton,2013,How Does Multilevel Regression and Poststratification Perform with Conventional National Surveys?,Figure 4,Standardized MAE of MRP,,1,1,NA,NA,dot plot ,performance criteria,case,NA,NA,NA,0,1,0,0,0,0,0,0,0,0,0
Buttice; Highton,2013,How Does Multilevel Regression and Poststratification Perform with Conventional National Surveys?,Figure 5,Summary of performance of MRP,,1,9,small area,performance criteria,scatter plot,small area,performance criteria,NA,NA,NA,1,1,0,0,1,0,0,0,0,0,0
Cifti;Robbins;Zaytseva,2020,"Devotion at Sub-National Level: Ramadan, Nighttime Lights, and Religiosity in the Egyptian Governorates",Figure 2,Correlation between MRP and other estimate,,1,1,NA,NA,scatter plot,estimates,estimates,NA,NA,NA,0,0,0,0,0,0,0,0,0,1,0
Cifti;Robbins;Zaytseva,2020,"Devotion at Sub-National Level: Ramadan, Nighttime Lights, and Religiosity in the Egyptian Governorates",Figure 6,Relationship between MRP estimates and other variable,,0,1,NA,NA,scatter plot,small area,estimates,NA,NA,using continous variable estimated from night time light (the x axis),0,0,0,0,0,0,0,0,0,0,0
Claassen_Traunmuller,2020,Improving and Validating Survey Estimates of Religious Demography Using Bayesian Multilevel Models and Poststratification,Figure 1,Comparison of MRP and other method and direct estimates,,1,6,performance criteria,estimation methods,dot plot ,estimates,estimation methods,estimation methods,estimation methods,using 80% coverage interval also for performance criteria,0,1,0,0,0,1,0,0,1,0,1
Claassen_Traunmuller,2020,Improving and Validating Survey Estimates of Religious Demography Using Bayesian Multilevel Models and Poststratification,Figure 2,"Comparison between MRP and ""true"" estimates",,1,4,small area,small area,bar & dot plot with error bar,estimates,small area,NA,estimation methods,NA,0,0,0,0,0,0,1,0,0,0,0
Claassen_Traunmuller,2020,Improving and Validating Survey Estimates of Religious Demography Using Bayesian Multilevel Models and Poststratification,Figure 3,"Comparison between MRP and ""true"" estimates",,1,4,small area,small area,bar & dot plot with error bar,estimates,small area,NA,estimation methods,NA,0,0,0,0,0,0,1,0,0,0,0
Claassen_Traunmuller,2020,Improving and Validating Survey Estimates of Religious Demography Using Bayesian Multilevel Models and Poststratification,Figure 4,"Comparison between MRP and ""true"" estimates",,1,4,small area,small area,bar & dot plot with error bar,estimates,small area,NA,estimation methods,NA,0,0,0,0,0,0,1,0,0,0,0
Claassen_Traunmuller,2020,Improving and Validating Survey Estimates of Religious Demography Using Bayesian Multilevel Models and Poststratification,Figure 5,Comparison between MRP and direct and true estimates,,1,3,estimation methods,NA,line plot,time,estimates,estimation methods,NA,NA,0,0,0,0,0,1,1,0,0,0,0
Curiel_et_al,2019,Referendum opposition to fluoridation and health literacy: a cross-sectional analysis conducted in three large US Cities,Figure 1,Relationship between MRP estimates and other variable,,0,1,NA,NA,scatter plot,estimates,small area,small area,small area,NA,0,0,0,0,0,0,0,0,0,0,0
Curiel_et_al,2019,Referendum opposition to fluoridation and health literacy: a cross-sectional analysis conducted in three large US Cities,Figure 2,Relationship between MRP estimates and other variable,,0,1,NA,NA,line plot,estimates,small area,NA,NA,NA,0,0,0,0,0,0,0,0,0,0,0
Downes;Carlin,2019,Multilevel regression and poststratification as a modeling approach for estimating population quantities in large population health studies: A simulation study,Figure 1,Comparison between MRP and other estimation methods,,1,3,NA,sample size,dot plot with error bar,small area,performance criteria,NA,estimation methods,estimated bias +- SE,1,0,0,0,0,1,0,1,1,0,0
Downes;Carlin,2019,Multilevel regression and poststratification as a modeling approach for estimating population quantities in large population health studies: A simulation study,Figure 2,Comparison between MRP and other estimation methods,,1,1,NA,NA,dot plot with error bar,small area,performance criteria,NA,estimation methods,estimated bias +- SE,1,0,0,0,0,0,0,0,1,0,0
Downes;Carlin,2019,Multilevel regression and poststratification as a modeling approach for estimating population quantities in large population health studies: A simulation study,Figure 3,Comparison between MRP and other estimation methods,,1,4,sample size,simulation scenario,dot plot with error bar,small area,performance criteria,NA,estimation methods,estimated bias +- SE,1,0,0,0,0,1,0,1,1,0,0
Downes;Carlin,2019,Multilevel regression and poststratification as a modeling approach for estimating population quantities in large population health studies: A simulation study,Figure 4,Comparison between MRP and other estimation methods,,1,4,sample size,simulation scenario,dot plot with error bar,small area,performance criteria,NA,estimation methods,estimated bias +- SE,1,0,0,0,0,1,0,1,1,0,0
Downes;Carlin,2019,Multilevel Regression and Poststratification Versus Survey Sample Weighting for Estimating Population Quantities in Large Population Health Studies,Figure 1,Comparison between MRP and other estimation methods,,1,1,NA,NA,dot plot with error bar,small area,estimates,estimation methods,estimation methods,NA,0,0,0,0,0,1,1,1,0,0,0
Downes;Carlin,2019,Multilevel Regression and Poststratification Versus Survey Sample Weighting for Estimating Population Quantities in Large Population Health Studies,Figure 2,Comparison between MRP and other estimation methods,,1,1,NA,NA,dot plot with error bar,small area,estimates,estimation methods,estimation methods,NA,0,0,0,0,0,1,1,1,0,0,0
Downes_et_al,2017,Multilevel Regression and Poststratification: A Modeling Approach to Estimating Population Quantities From Highly Selected Survey Samples,Figure 2,Comparison between MRP and other estimation methods,,1,3,NA,case,dot plot with error bar,time,estimates,NA,estimation methods,NA,0,0,0,0,0,1,0,1,0,0,0
Eberth_et_al,2018,Estimating county-level tobacco use and exposure in South Carolina: a spatial model-based small area estimation approach,Figure 1,Display of the MRP result,,0,1,NA,NA,choropleth map,NA,NA,estimates,NA,NA,0,0,0,0,0,0,0,0,0,0,0
Eberth_et_al,2018,Estimating county-level tobacco use and exposure in South Carolina: a spatial model-based small area estimation approach,Figure 2,Display of the MRP result,,0,1,NA,NA,choropleth map,NA,NA,estimates,NA,NA,0,0,0,0,0,0,0,0,0,0,0
Eberth_et_al,2018,Estimating county-level tobacco use and exposure in South Carolina: a spatial model-based small area estimation approach,Figure 3,Display of the MRP result,,0,1,NA,NA,choropleth map,NA,NA,estimates,NA,NA,0,0,0,0,0,0,0,0,0,0,0
Eke_et_al,2016,Predicting Periodontitis at State and Local Levels in the United States,Figure 1,Display of the MRP result,,0,4,small area,small area,choropleth map,NA,NA,estimates,NA,NA,0,0,0,0,0,0,0,0,0,0,0
Eke_et_al,2016,Predicting Periodontitis at State and Local Levels in the United States,Figure 2,Display of the MRP result,,0,4,small area,small area,choropleth map,NA,NA,estimates,NA,NA,0,0,0,0,0,0,0,0,0,0,0
Fowler,2016,The states of public opinion on the environment,Figure 1,Display of the MRP result,,0,1,NA,NA,choropleth map,NA,NA,estimates,NA,NA,0,0,0,0,0,0,0,0,0,0,0
Fowler,2016,The states of public opinion on the environment,Figure 2,Display of the MRP result,,0,1,NA,NA,choropleth map,NA,NA,estimates,NA,NA,0,0,0,0,0,0,0,0,0,0,0
Fowler,2016,The states of public opinion on the environment,Figure 3,Display of the MRP result,,0,1,NA,NA,choropleth map,NA,NA,estimates,NA,NA,0,0,0,0,0,0,0,0,0,0,0
Fowler,2017,Tracking state trends in environmental public opinion,Figure 2,Display of the MRP result,,0,1,NA,NA,line plot,time,estimates,small area,small area,NA,0,0,0,0,0,0,0,0,0,0,0
Fowler ,2017,Tracking state trends in environmental public opinion,Figure 3,Display of the MRP result,,0,1,NA,NA,line plot,time,estimates,estimates,NA,NA,0,0,0,0,0,0,0,0,0,0,0
Fowler,2017,Tracking state trends in environmental public opinion,Figure 4,Correlation between MRP and other estimate,,1,1,NA,NA,scatter plot,truth,estimates,NA,NA,NA,0,0,0,0,0,0,1,0,0,0,0
Fowler,2017,Tracking state trends in environmental public opinion,Figure 5,Correlation between MRP and other estimate,,1,1,NA,NA,scatter plot,estimates,estimates,NA,NA,NA,0,0,0,0,0,0,0,0,0,1,0
Enns_Koch,2013,Public Opinion in the U.S. States: 1956 to 2010,Figure 1,Comparison between MRP and direct estimate,,1,6,small area,small area,line plot,time,estimates,NA,estimation methods,NA,0,0,0,0,0,1,0,0,0,0,0
Enns_Koch,2013,Public Opinion in the U.S. States: 1956 to 2010,Figure 2,Comparison between MRP and other estimates,,1,3,NA,case,line plot,time,estimates,NA,estimation methods,NA,0,0,0,0,0,0,0,0,0,1,0
Enns_Koch,2013,Public Opinion in the U.S. States: 1956 to 2010,Figure 3,Display of the MRP result,,0,3,case,NA,dot plot with CI bar,estimates,small area,time,NA,NA,0,0,0,0,0,0,0,0,0,0,0
Enns_Koch,2013,Public Opinion in the U.S. States: 1956 to 2010,Figure 4,Display of the MRP result,,0,2,case,NA,dot plot with error bar,estimates,small area,time,NA,NA,0,0,0,0,0,0,0,0,0,0,0
Enns_Koch,2013,Public Opinion in the U.S. States: 1956 to 2010,Figure 5,Comparison between MRP and other estimates,,1,4,small area,small area,line plot,time,estimates,NA,estimation methods,two MRP estimation for different case and one other study estimation,0,0,0,0,0,0,0,0,0,1,0
Green_et_al,2019,Assessing local chlamydia screening performance by combining survey and administrative data to account for differences in local populationcharacteristics,Figure 4,Comparison between MRP and true data,,1,4,display type,display type,scatter plot,estimates,truth,NA,NA,scatter plot using 95% credible interval,0,0,0,0,0,0,1,0,0,0,0
Green_et_al,2019,Assessing local chlamydia screening performance by combining survey and administrative data to account for differences in local populationcharacteristics,Figure 5,Comparison between MRP and true data,,1,2,estimation methods,NA,bubble plot,estimates,truth,NA,NA,the buble size is the sample size,0,0,0,0,0,0,1,0,0,0,0
Green_et_al,2019,Assessing local chlamydia screening performance by combining survey and administrative data to account for differences in local populationcharacteristics,Figure 6,Comparison between MRP and true data of previous year,,1,1,NA,NA,choropleth map,NA,NA,estimates,NA,the color here shows the estimates the posterior probability of previous year exceed the MRP result,0,0,0,0,0,0,1,0,0,0,0
Hoover_Deghani,2020,"The Big, the Bad, and the Ugly: Geographic Estimation With Flawed Psychological Data",Figure 1,Comparison between MRP and direct estimates,,1,6,simulation scenario,performance criteria,dot plot with error bar,sample size,performance criteria,estimation methods,NA,NA,1,0,1,0,0,1,0,0,0,0,0
Hoover_Deghani,2020,"The Big, the Bad, and the Ugly: Geographic Estimation With Flawed Psychological Data",Figure 2,Comparison between MRP and other estimation methods,,1,5,estimation methods,NA,scatter plot,estimates,truth,NA,NA,NA,0,0,0,0,0,1,1,1,0,0,1
Jonge_et_al,2018,Predicting State Presidential Election Results using National Tracking Polss and Multilevel Regression with Poststratification (MRP),Figure 2,Comparison between MRP and truth,,1,2,case,NA,scatter plot,truth,estimates,NA,NA,labelled point with state name,0,0,0,0,0,0,1,0,0,0,0
Jonge_et_al,2018,Predicting State Presidential Election Results using National Tracking Polss and Multilevel Regression with Poststratification (MRP),Figure 3,Display of MRP result,,0,2,case,NA,dot plot with error bar,estimates,small area,NA,NA,NA,0,0,0,0,0,0,0,0,0,0,0
Jonge_et_al,2018,Predicting State Presidential Election Results using National Tracking Polss and Multilevel Regression with Poststratification (MRP),Figure 4,Display of MRP result,,0,3,NA,case,line plot,time,estimates,NA,small area,NA,0,0,0,0,0,0,0,0,0,0,0
Eun_Urpelainen,2018,"Environmental public opinion in U.S. states, 1973–2012",Figure 1,Comparison of performance criteria MRP vs Direct Estimates,,1,1,NA,NA,dot plot,performance criteria,sample size,estimation methods,small area,NA,0,1,0,0,0,1,0,0,0,0,0
Eun_Urpelainen,2018,"Environmental public opinion in U.S. states, 1973–2012",Figure 2,Display of MRP result,,0,1,NA,NA,dot plot,time,estimates,small area,NA,NA,0,0,0,0,0,0,0,0,0,0,0
Eun_Urpelainen,2018,"Environmental public opinion in U.S. states, 1973–2012",Figure 3,Display of MRP result,,0,3,NA,small area,choropleth map,NA,NA,estimates,NA,NA,0,0,0,0,0,0,0,0,0,0,0
Eun_Urpelainen,2018,"Environmental public opinion in U.S. states, 1973–2012",Figure 4,Display of MRP result,,0,2,case,NA,scatter plot,estimates,estimates,NA,NA,comparing estimates between two points of time ,0,0,0,0,0,0,0,0,0,0,0
Eun_Urpelainen,2018,"Environmental public opinion in U.S. states, 1973–2012",Figure 5,Display of MRP result,,0,2,NA,case,dot plot,time,estimates,small area,NA,NA,0,0,0,0,0,0,0,0,0,0,0
Eun_Urpelainen,2018,"Environmental public opinion in U.S. states, 1973–2012",Figure 6,Display of MRP result,,0,6,case,small area,choropleth map,NA,NA,estimates,NA,NA,0,0,0,0,0,0,0,0,0,0,0
Eun_Urpelainen,2018,"Environmental public opinion in U.S. states, 1973–2012",Figure 7,Display of MRP result,,0,3,small area,small area,scatter plot,estimates,estimates,NA,NA,comparing estimates between two points of time ,0,0,0,0,0,0,0,0,0,0,0
Eun_Urpelainen,2018,"Environmental public opinion in U.S. states, 1973–2012",Figure 8,Display of MRP result,,0,3,small area,small area,scatter plot,small area,estimates,NA,NA,NA,0,0,0,0,0,0,0,0,0,0,0
Eun_Urpelainen,2018,"Environmental public opinion in U.S. states, 1973–2012",Figure 9,Display of MRP result,,0,1,NA,NA,dot plot,case,estimates,time,small area,NA,0,0,0,0,0,0,0,0,0,0,0
Barbour_et_al,2014,"Prevalence of Doctor-Diagnosed Arthritis at State and County Levels — United States, 2014",Figure 1,Display of MRP result,,0,1,NA,NA,choropleth map,NA,NA,estimates,NA,NA,0,0,0,0,0,0,0,0,0,0,0
Bloome,2014,Income Inequality and Intergenerational Income Mobility in the United States,Figure 3,Comparison between MRP and other estimates,,1,2,estimation methods,NA,scatter plot,case,case,NA,NA,the comparison is between facet,0,0,0,0,0,0,0,0,0,0,1
Elmendorf_Spencer,2014,The Geography of Racial Stereotyping: Evidence and Implications for VRA Preclearance After Shelby County,Figure 6,Comparison between two MRP model,,1,2,NA,estimation methods,choropleth map,NA,NA,estimates,NA,NA,0,0,0,0,0,0,0,0,1,0,0
Elmendorf_Spencer,2014,The Geography of Racial Stereotyping: Evidence and Implications for VRA Preclearance After Shelby County,Figure 7 Panel C,Display of MRP result,,0,1,NA,NA,dot plot with CI bar,estimates,small area,small area,NA,NA,0,0,0,0,0,0,0,0,0,0,0
Enns_Koch,2015,State Policy Mood: The Importance of Over-time Dynamics,Figure 1,Comparsion between MRP and other estimates,,1,4,case,case,dot plot with CI bar,estimates,estimation methods,NA,NA,NA,0,0,0,0,0,0,0,0,1,1,0
Enns_Koch,2015,State Policy Mood: The Importance of Over-time Dynamics,Figure 2,Comparison between MRP and other estimates and check for the ground truth,,1,2,small area,NA,line plot,time,estimates,estimation methods,NA,panel B is the ground truth,0,0,0,0,0,0,1,0,0,1,0
Franko,2017,Understanding Public Perceptions of Growing Economic Inequality,Figure 3,Display of MRP result,,0,48,small area,small area,line plot,time,estimates,NA,NA,NA,0,0,0,0,0,0,0,0,0,0,0
Franko,2017,Understanding Public Perceptions of Growing Economic Inequality,Figure 4,Comparison between MRP and ground truth,,1,8,small area,small area,line plot,time,estimates,estimation methods,NA,truth here is the subject that is perceive,0,0,0,0,0,0,1,0,0,0,0
Franko,2017,Understanding Public Perceptions of Growing Economic Inequality,Figure 5,Relationship between MRP estimates and other variable,,0,1,NA,NA,scatter plot,small area,estimates,NA,NA,NA,0,0,0,0,0,0,0,0,0,0,0
Franko,2017,Understanding Public Perceptions of Growing Economic Inequality,Figure 6,Display of MRP result,,0,3,case,case,bar plot,case,estimates,small area,NA,NA,0,0,0,0,0,0,0,0,0,0,0
Kastellac_et_al,2015,Polarizing the Electoral Connection: Partisan Representation in Supreme Court Confirmation Politics,Figure 1,Display of MRP result,,0,11,NA,case,density plot,estimates,NA,NA,small area,NA,0,0,0,0,0,0,0,0,0,0,0
Kastellac_et_al,2015,Polarizing the Electoral Connection: Partisan Representation in Supreme Court Confirmation Politics,Figure 2,Display of MRP result,,0,2,NA,case,dot plot with CI bar,estimates,small area,NA,NA,NA,0,0,0,0,0,0,0,0,0,0,0
Kastellac_et_al,2015,Polarizing the Electoral Connection: Partisan Representation in Supreme Court Confirmation Politics,Figure 3,Display of MRP result,,0,1,NA,NA,dot plot,estimates,case,NA,NA,NA,0,0,0,0,0,0,0,0,0,0,0
Kastellac_Lax_Phillips,2010,Public Opinion and Senate Confirmation of Supreme Court Nominees,Figure 1a,Display of MRP result,,0,1,NA,NA,heatmap,case,small area,estimates,NA,NA,0,0,0,0,0,0,0,0,0,0,0
Kastellac_Lax_Phillips,2010,Public Opinion and Senate Confirmation of Supreme Court Nominees,Figure 1b,Display of MRP result,,0,11,NA,case,histogram,estimates,NA,NA,NA,NA,0,0,0,0,0,0,0,0,0,0,0
Kastellac_Lax_Phillips,2010,Public Opinion and Senate Confirmation of Supreme Court Nominees,Figure 2,Relationship between MRP estimates and other variable,,0,10,NA,case,logit curve,estimates,small area,NA,NA,NA,0,0,0,0,0,0,0,0,0,0,0
Kastellac_Lax_Phillips,2010,Public Opinion and Senate Confirmation of Supreme Court Nominees,Figure 3,Relationship between MRP estimates and other variable,,0,3,NA,case,scatter plot,estimates,small area,small area,NA,NA,0,0,0,0,0,0,0,0,0,0,0
Kastellac_Lax_Phillips,2010,Public Opinion and Senate Confirmation of Supreme Court Nominees,Figure 4,Relationship between MRP estimates and other variable,,0,4,NA,case,logit curve,estimates,small area,NA,case,NA,0,0,0,0,0,0,0,0,0,0,0
Kennedy_Gelman,2021,Know your population and know your model: Using model-based regression and poststratification to generalize findings beyond the observed sample,Figure 2,Display of MRP result,,0,5,NA,case,histogram with density plot,estimates,NA,small area,NA,NA,0,0,0,0,0,0,0,0,0,0,0
Kennedy_Gelman,2021,Know your population and know your model: Using model-based regression and poststratification to generalize findings beyond the observed sample,Figure 3,Display of MRP result,,0,1,NA,NA,histogram with density plot,estimates,NA,small area,NA,NA,0,0,0,0,0,0,0,0,0,0,0
Kennedy_Gelman,2021,Know your population and know your model: Using model-based regression and poststratification to generalize findings beyond the observed sample,Figure 4,Display of MRP result,,0,2,NA,small area,dot plot,estimates,NA,small area,small area,shape is actually representes in box plot,0,0,0,0,0,0,0,0,0,0,0
Kennedy_Gelman,2021,Know your population and know your model: Using model-based regression and poststratification to generalize findings beyond the observed sample,Figure 5,Display of MRP result,,0,2,NA,small area,dot plot,estimates,NA,small area,NA,the plot come along with the boxplot,0,0,0,0,0,0,0,0,0,0,0
Koch_Thomsen,2017,Gender Equality Mood across States and over Time,Figure 1,Display of MRP result,,0,1,NA,NA,dot plot,estimates,small area,NA,time,NA,0,0,0,0,0,0,0,0,0,0,0
Lauderdale_et_al,2020,Model-based pre-election polling for national and sub-national outcomes in the US and UK,Figure 1,Comparison between MRP and the truth,,1,3,case,NA,histogram,estimates,NA,NA,estimation methods,the difference in shape is that the truth is only displayed with single vertical line,0,0,0,0,0,0,1,0,0,0,0
Lauderdale_et_al,2020,Model-based pre-election polling for national and sub-national outcomes in the US and UK,Figure 2,Comparison between MRP and the truth,,1,6,case,case,bar plot,estimates,simulation scenario,NA,estimation methods,the difference in shape is that the truth is only displayed with single vertical line,0,0,0,0,0,0,1,0,0,0,0
Lauderdale_et_al,2020,Model-based pre-election polling for national and sub-national outcomes in the US and UK,Figure 3,Comparsion between MRP and the truth,,1,3,case,NA,scatter plot with error bar,truth,estimates,NA,NA,NA,0,0,0,0,0,0,1,0,0,0,0
Lauderdale_et_al,2020,Model-based pre-election polling for national and sub-national outcomes in the US and UK,Figure 4,Comparison between MRP and the truth,,1,3,case,NA,scatter plot,truth,estimates,small area,NA,NA,0,0,0,0,0,0,1,0,0,0,0
Lauderdale_et_al,2020,Model-based pre-election polling for national and sub-national outcomes in the US and UK,Figure A.1.,Comparison between MRP and the truth,,1,7,case,case,scatter plot with error bar,truth,estimates,NA,NA,NA,0,0,0,0,0,0,1,0,0,0,0
Lax_Phillips,2009,How Should We Estimate Public Opinion in the States?,Figure 1,Comparison performance between MRP and other estimates,,1,4,sample size,sample size,scatter plot,small area,performance criteria,estimation methods,NA,NA,0,1,0,0,0,1,0,0,0,0,0
Lax_Phillips,2009,How Should We Estimate Public Opinion in the States?,Figure 2,Comparison performance between MRP and other estimates,,1,4,performance criteria,performance criteria,dot plot,estimates,sample size,estimation methods,NA,NA,0,1,0,0,1,1,0,0,0,0,0
Lax_Phillips,2009,How Should We Estimate Public Opinion in the States?,Figure 3,Comparison between MRP and other estimation methods,,1,1,NA,NA,dot plot,performance criteria,estimation methods,NA,NA,NA,0,0,0,0,1,1,0,0,1,0,0
Lax_Phillips,2009,How Should We Estimate Public Opinion in the States?,Figure 4,Comparison between MRP and another estimation method,,1,2,estimation methods,NA,dot plot,estimates,small area,time,time,NA,0,0,0,0,0,1,0,0,0,0,0
Lax_Phillips,2009,How Should We Estimate Public Opinion in the States?,Figure 5 - top,Comparison between MRP and the truth,,1,2,estimation methods,NA,scatter plot,truth,estimates,NA,NA,NA,0,0,0,0,0,1,1,0,0,0,0
Lax_Phillips,2009,How Should We Estimate Public Opinion in the States?,Figure 5 - bottom,Correlation between MRP and truth,,1,1,NA,NA,dot plot,performance criteria,small area,estimation methods,NA,NA,0,0,0,0,1,1,0,0,0,0,0
Loux_et_al,2019,Using multilevel regression with poststratification to obtain regional health estimates from a Facebook-recruited sample,Figure 2,Comparison between MRP and other estimation methods,,1,1,NA,NA,dot plot with CIB ,case,estimates,estimation methods,NA,NA,0,0,0,0,0,1,0,0,1,1,0
Loux_et_al,2019,Using multilevel regression with poststratification to obtain regional health estimates from a Facebook-recruited sample,Figure 3,Display of MRP result,,0,1,NA,NA,choropleth map,NA,NA,estimates,NA,NA,0,0,0,0,0,0,0,0,0,0,0
Lin_et_al,2016,"Health-related quality of life among adults 65 years and older in the United States, 2011e2012: a multilevel small area estimation approach",Figure 1,Display of MRP result,,0,3,NA,case,choropleth map,NA,NA,estimates,NA,NA,0,0,0,0,0,0,0,0,0,0,0
Lin_et_al,2018,Multilevel model to estimate county-level untreated dental caries among US children aged 6–9 years using the National Health and Nutrition Examination Survey,Figure 1,Display of MRP result,,0,1,NA,NA,choropleth map,NA,NA,estimates,NA,NA,0,0,0,0,0,0,0,0,0,0,0
Lin_et_al,2018,Multilevel model to estimate county-level untreated dental caries among US children aged 6–9 years using the National Health and Nutrition Examination Survey,Figure 2,Comparison between MRP and other estimates,,1,2,small area,NA,scatter plot,estimates,estimates,NA,NA,NA,0,0,0,0,0,1,0,0,0,0,0
Lin_et_al,2018,Multilevel model to estimate county-level untreated dental caries among US children aged 6–9 years using the National Health and Nutrition Examination Survey,Figure 3,Comparison between MRP and other estimates,,1,2,estimation methods,NA,choropleth map,NA,NA,estimates,NA,NA,0,0,0,0,0,1,0,0,0,0,0
Lin_et_al,2018,Multilevel model to estimate county-level untreated dental caries among US children aged 6–9 years using the National Health and Nutrition Examination Survey,Figure 4,Comparison between MRP and other estimates,,1,2,estimation methods,NA,choropleth map,NA,NA,estimates,NA,NA,0,0,0,0,0,1,0,0,0,0,0
Berkman_Plutzer,2011,Local Autonomy versus State Constraints: Balancing Evolution and Creationism in U.S. High Schools,Figure 2,Display of MRP result,,0,1,NA,NA,bar plot,estimates,small area,NA,NA,NA,0,0,0,0,0,0,0,0,0,0,0
Berkman_Plutzer,2011,Local Autonomy versus State Constraints: Balancing Evolution and Creationism in U.S. High Schools,Figure 3,Relationship between MRP estimates and other variable,,0,1,NA,NA,logit curve,estimates,small area,NA,NA,NA,0,0,0,0,0,0,0,0,0,0,0
Berkman_Plutzer,2011,Local Autonomy versus State Constraints: Balancing Evolution and Creationism in U.S. High Schools,Figure 4,Relationship between MRP estimates and other variable,,0,1,NA,NA,logit curve,estimates,small area,NA,NA,NA,0,0,0,0,0,0,0,0,0,0,0
Berkman_Plutzer,2011,Local Autonomy versus State Constraints: Balancing Evolution and Creationism in U.S. High Schools,Figure 5,Relationship between MRP estimates and other variable,,0,1,NA,NA,line plot,estimates,small area,NA,case,NA,0,0,0,0,0,0,0,0,0,0,0
Lewis_Wood_Jacobsmeier,2014,Public Opinion and Judicial Behavior in Direct Democracy Systems: Gay Rights in the American States,Figure 2,Display of MRP result,,0,1,NA,NA,dot plot with CI bar,estimates,small area,NA,NA,NA,0,0,0,0,0,0,0,0,0,0,0
Lax_Phillips,2009,Gay Rights in the States: Public Opinion and Policy Responsiveness,Figure 1,Relationship between MRP estimates and other variable,,0,9,case,case,logit curve,estimates,small area,NA,NA,NA,0,0,0,0,0,0,0,0,0,0,0
Lax_Phillips,2009,Gay Rights in the States: Public Opinion and Policy Responsiveness,Figure 2,Relationship between MRP estimates and other variable,,0,8,small area,small area,logit curve,estimates,small area,NA,small area,NA,0,0,0,0,0,0,0,0,0,0,0
Lax_Phillips,2009,Gay Rights in the States: Public Opinion and Policy Responsiveness,Figure 3,Relationship between MRP estimates and other variable,,0,8,small area,small area,logit curve,estimates,small area,NA,small area,NA,0,0,0,0,0,0,0,0,0,0,0
Lax_Phillips,2009,Gay Rights in the States: Public Opinion and Policy Responsiveness,Figure 4,Comparison between MRP and other estimates,,1,9,case,case,scatter plot,estimates,estimates,NA,NA,NA,0,0,0,0,0,1,0,0,0,0,0
Lax_Phillips,2012,The Democratic Deficit in the States,Figure 1,Display of MRP result,,0,0,NA,NA,choropleth map,NA,NA,estimates,NA,NA,0,0,0,0,0,0,0,0,0,0,0
Lax_Phillips,2012,The Democratic Deficit in the States,Figure 2,Relationship between MRP estimates and other variable,,0,39,case,case,logit curve,estimates,small area,NA,NA,NA,0,0,0,0,0,0,0,0,0,0,0
Leeman_Wasserfallen,2017,Extending the Use and Prediction Precision of Subnational Public Opinion Estimation,Figure 1,Comparison performance between MRP and other estimates,,1,9,sample size,simulation scenario,dot plot with error bar,simulation scenario,performance criteria,NA,estimation methods,NA,0,1,0,0,0,1,0,0,0,0,1
Leeman_Wasserfallen,2017,Extending the Use and Prediction Precision of Subnational Public Opinion Estimation,Figure 2,Comparison performance between MRP and other estimates,,1,2,display type,NA,dot plot,case,estimates,NA,estimation methods,NA,0,1,0,0,0,1,0,0,0,0,1
Leeman_Wasserfallen,2017,Extending the Use and Prediction Precision of Subnational Public Opinion Estimation,Figure 3,Comparison between MRP and other estimates,,1,4,case,case,scatter plot,estimates,truth,NA,estimation methods,The MSE for each method is also displayed,0,0,1,0,0,0,1,0,0,0,1
Leeman_Wasserfallen,2017,Extending the Use and Prediction Precision of Subnational Public Opinion Estimation,Figure 4,Comparison between MRP and other estimates,,1,0,NA,NA,scatter plot,estimates,truth,NA,estimation methods,The MSE for each method is also displayed,0,0,1,0,0,1,1,0,0,0,1
Leeman_Wasserfallen,2017,Extending the Use and Prediction Precision of Subnational Public Opinion Estimation,Figure A1,Comparison performance between MRP and other estimates,,1,0,NA,NA,bar plot,performance criteria,case,NA,NA,Bar plot the reduction of MSE after performing MRsP compared to MRP,0,0,1,0,0,0,0,0,0,0,1
Leeman_Wasserfallen,2017,Extending the Use and Prediction Precision of Subnational Public Opinion Estimation,Figure A4,Comparison beetween MRP and other estimates,,1,0,NA,NA,scatter plot,estimates,truth,NA,estimation methods,The MSE for each method is also displayed,0,0,1,0,0,1,1,0,0,0,1
Gelman,2014,"How Bayesian Analysis Cracked the Red-State, Blue-State Problem",Figure 1,Comparison of MRP models,,1,3,simulation scenario,NA,line plot,small area,estimates,estimates,NA,NA,0,0,0,0,0,1,0,0,1,0,0
Gelman,2014,"How Bayesian Analysis Cracked the Red-State, Blue-State Problem",Figure 2,Display of MRP result,,0,25,small area,small area,choropleth map,NA,NA,estimates,NA,NA,0,0,0,0,0,0,0,0,0,0,0
Gelman,2014,"How Bayesian Analysis Cracked the Red-State, Blue-State Problem",Figure 3,Comparison between MRP and other estimate,,1,48,small area,small area,line and dot plot with error bar,small area,estimates,small area,NA,line is the MRP estimates,0,0,0,0,0,1,0,0,0,0,0
Lei_Gelman_Ghitza,2017,The 2008 Election: A Preregistered Replication Analysis,Figure 1,Comparison between MRP and other estimate,,1,48,small area,small area,line and dot plot with error bar,small area,estimates,small area,NA,line is the MRP estimates,0,0,0,0,0,1,0,0,0,0,0
Lei_Gelman_Ghitza,2017,The 2008 Election: A Preregistered Replication Analysis,Figure 2,Comparison between MRP and other estimate,,1,48,small area,small area,line and dot plot with error bar,small area,estimates,small area,NA,line is the MRP estimates,0,0,0,0,0,1,0,0,0,0,0
Lei_Gelman_Ghitza,2017,The 2008 Election: A Preregistered Replication Analysis,Figure 3,Comparison between MRP and other estimate,,1,48,small area,small area,line and dot plot with error bar,small area,estimates,small area,NA,line is the MRP estimates,0,0,0,0,0,1,0,0,0,0,0
Lei_Gelman_Ghitza,2017,The 2008 Election: A Preregistered Replication Analysis,Figure 4,Comparison between MRP and other estimate,,1,48,small area,small area,line and dot plot with error bar,small area,estimates,small area,NA,line is the MRP estimates,0,0,0,0,0,1,0,0,0,0,0
Lewis_Jacobsmeier,2017,Evaluating Policy Representation with Dynamic MRP Estimates: Direct Democracy and Same-Sex Relationship Policies in the United States,Figure 1,Display of MRP result,,0,1,NA,NA,line plot,time,estimates,NA,small area,NA,0,0,0,0,0,0,0,0,0,0,0
Eggers_Lauderdale,2016,Simulating Counterfactual Representation,Figure 2a,Comparison between MRP and truth,,1,1,NA,NA,line plot,time,estimates,estimation methods,NA,NA,0,0,0,0,0,0,1,0,0,0,0
Eggers_Lauderdale,2016,Simulating Counterfactual Representation,Figure 3a,Display of MR result,,0,1,NA,NA,line plot,time,estimates,NA,small area,NA,0,0,0,0,0,0,0,0,0,0,0
Eggers_Lauderdale,2016,Simulating Counterfactual Representation,Figure 4,Relationship between MRP estimates and other variable,,0,1,NA,NA,dot plot,estimates,small area,NA,small area,NA,0,0,0,0,0,0,0,0,0,0,0
Ghitza_Gelman,2013,Deep Interactions with MRP: Election Turnout and Voting Patterns Among Small Electoral Subgroups,Figure 1,Comparison of MRP models,,1,3,simulation scenario,NA,line plot,small area,estimates,NA,NA,NA,0,0,0,0,0,1,0,0,1,0,0
Ghitza_Gelman,2013,Deep Interactions with MRP: Election Turnout and Voting Patterns Among Small Electoral Subgroups,Figure 2,Comparison between MRP and other estimate,,1,48,small area,small area,line and dot plot with error bar,small area,estimates,small area,NA,line is the MRP estimates,0,0,0,0,0,1,0,0,0,0,0
Ghitza_Gelman,2013,Deep Interactions with MRP: Election Turnout and Voting Patterns Among Small Electoral Subgroups,Figure 3,Comparison between MRP and truth,,1,3,simulation scenario,NA,bubble plot,estimates,truth,small area,NA,the size of buble is population size,0,0,0,0,0,0,1,0,1,0,0
Ghitza_Gelman,2013,Deep Interactions with MRP: Election Turnout and Voting Patterns Among Small Electoral Subgroups,Figure 4,Display of MRP result,,0,20,small area,small area,choropleth map,NA,NA,estimates,NA,NA,0,0,0,0,0,0,0,0,0,0,0
Ghitza_Gelman,2013,Deep Interactions with MRP: Election Turnout and Voting Patterns Among Small Electoral Subgroups,Figure 5,Display of MRP result,,0,16,small area,small area,line plot,small area,estimates,NA,NA,there is a bar plot also to show population size,0,0,0,0,0,0,0,0,0,0,0
Ghitza_Gelman,2013,Deep Interactions with MRP: Election Turnout and Voting Patterns Among Small Electoral Subgroups,Figure 6,Display of MRP result,,0,16,small area,small area,choropleth map,NA,NA,estimates,NA,NA,0,0,0,0,0,0,0,0,0,0,0
Mildenberger_et_al,2016,The Distribution of Climate Change Public Opinion in Canada,Figure 1,Comparison of performance criteria MRP vs Direct Estimates,,1,5,case,NA,line plot,simulation scenario,performance criteria,estimation methods,NA,NA,0,1,0,0,0,1,0,0,0,0,0
Mildenberger_et_al,2016,The Distribution of Climate Change Public Opinion in Canada,Figure 2,Display of MRP result,,0,7,small area,small area,choropleth map,NA,NA,estimates,NA,NA,0,0,0,0,0,0,0,0,0,0,0
Mildenberger_et_al,2016,The Distribution of Climate Change Public Opinion in Canada,Figure 3,Display of MRP result,,0,1,NA,NA,choropleth map,NA,NA,estimates,NA,NA,0,0,0,0,0,0,0,0,0,0,0
Mildenberger_et_al,2016,The Distribution of Climate Change Public Opinion in Canada,Figure 4,Display of MRP result,,0,1,NA,NA,choropleth map,NA,NA,estimates,NA,NA,0,0,0,0,0,0,0,0,0,0,0
Mildenberger_et_al,2016,The Distribution of Climate Change Public Opinion in Canada,Figure 5,Display of MRP result,,0,1,NA,NA,choropleth map,NA,NA,estimates,NA,NA,0,0,0,0,0,0,0,0,0,0,0
Mildenberger_et_al,2017,The spatial distribution of Republican and Democratic climate opinions at state and local scales,Figure 1,Display of MRP result,,0,4,case,case,choropleth map,NA,NA,estimates,NA,NA,0,0,0,0,0,0,0,0,0,0,0
Mildenberger_et_al,2017,The spatial distribution of Republican and Democratic climate opinions at state and local scales,Figure 2,Display of MRP result,,0,4,case,case,choropleth map,NA,NA,estimates,NA,NA,0,0,0,0,0,0,0,0,0,0,0
Mildenberger_et_al,2017,The spatial distribution of Republican and Democratic climate opinions at state and local scales,Figure 3,Display of MRP result,,0,2,small area,NA,dot plot with CI bar,estimates,small area,NA,NA,NA,0,0,0,0,0,0,0,0,0,0,0
Mildenberger_et_al,2017,The spatial distribution of Republican and Democratic climate opinions at state and local scales,Figure 4,Display of MRP result,,0,4,small area,small area,choropleth map,NA,NA,estimates,NA,NA,0,0,0,0,0,0,0,0,0,0,0
Mildenberger_et_al,2017,The spatial distribution of Republican and Democratic climate opinions at state and local scales,Figure 5,Display of MRP result,,0,2,NA,small area,choropleth map,NA,NA,estimates,NA,NA,0,0,0,0,0,0,0,0,0,0,0
Mills_et_al,2020,Use of Small-Area Estimates to Describe County-Level Geographic Variation in Prevalence of Extreme Obesity Among US Adults,Figure 1,Display of MRP result,,0,2,NA,case,choropleth map,NA,NA,estimates,NA,NA,0,0,0,0,0,0,0,0,0,0,0
Mills_et_al,2020,Use of Small-Area Estimates to Describe County-Level Geographic Variation in Prevalence of Extreme Obesity Among US Adults,Figure 2,Display of MRP result,,0,2,NA,case,choropleth map,NA,NA,estimates,NA,NA,0,0,0,0,0,0,0,0,0,0,0
Morgan_Todd,2009,Intergenerational Closure and Academic Achievement in High School: A New Evaluation of Coleman's Conjecture,Figure 2,Relationship between MRP estimates and other variable,,0,2,NA,small area,scatter plot,small area,estimates,NA,NA,NA,0,0,0,0,0,0,0,0,0,0,